{
	"format_version": "1.12.0",
	"minecraft:entity": {
		"description": {
			"identifier": "minecraft:fireworks_rocket",
			"is_spawnable": false,
			"is_summonable": true,
			"is_experimental": false,
			"scripts": {
				"animate": [
					// "flight_duration"
				]
			},
			"animations": {
				// "flight_duration": "controller.animation.flight_duration"
			}
		},
		"component_groups": {
			"scythe:flight_duration": {
				"minecraft:variant": {
					"value": 1
				}
			}
		},
		"components": {
			"minecraft:collision_box": {
				"width": 0.25,
				"height": 0.25
			},
			"minecraft:physics": {},
			"minecraft:pushable": {
				"is_pushable": true,
				"is_pushable_by_piston": true
			},
			"minecraft:conditional_bandwidth_optimization": {
				"default_values": {
					"max_optimized_distance": 80.0,
					"max_dropped_ticks": 10,
					"use_motion_prediction_hints": true
				}
			},
			"minecraft:timer": {
				"time": [
					3,
					4
				],
				"looping": false,
				"time_down_event": {
					"event": "scythe:flight_duration",
					"target": "self"
				}
			},
			"minecraft:persistent": {}
		},
		"events": {
			"scythe:flight_duration": {
				"add": {
					"component_groups": [
						"scythe:flight_duration"
					]
				}
			}
		}
	}
}