{
	"format_version": "1.10.0",
	"animations": {
		"animation.onJoin": {
			"timeline": {
				"9.0": [
					"/scoreboard objectives add banvl dummy",
					"/scoreboard objectives add fastusevl dummy",
					"/scoreboard objectives add autototemvl dummy",
					"/scoreboard objectives add autoshieldvl dummy",
					"/scoreboard objectives add invmovevl dummy",
					"/scoreboard objectives add autoclickervl dummy",
					"/scoreboard objectives add right dummy",
					"/scoreboard objectives add reachvl dummy",
					"/scoreboard objectives add cbevl dummy",
					"/scoreboard objectives add gamemodevl dummy",
					"/scoreboard objectives add illegalitemsvl dummy",
					"/scoreboard objectives add killauravl dummy",
					"/scoreboard objectives add xPos dummy",
					"/scoreboard objectives add yPos dummy",
					"/scoreboard objectives add zPos dummy",
					"/scoreboard objectives add badpacketsvl dummy",
					"/scoreboard objectives add invalidsprintvl dummy",
					"/scoreboard objectives add movementvl dummy",
					"/scoreboard objectives add last_attack dummy",
					"/scoreboard objectives add flyvl dummy",
					"/scoreboard objectives add speedvl dummy",
					"/scoreboard objectives add scaffoldAmount dummy",
					"/scoreboard objectives add tickValue dummy",
					"/scoreboard objectives add nofallvl dummy",
					"/scoreboard objectives add breakervl dummy",
					"/scoreboard objectives add clicks dummy",
					"/scoreboard objectives add strafevl dummy",
					"/scoreboard objectives add tick_counter dummy",
					"/scoreboard objectives add tick_counter2 dummy",
					"/scoreboard objectives add auraF_buffer dummy",
					"/scoreboard objectives add tag_reset dummy",
					"/scoreboard objectives add aimc_buffer dummy",
					"/scoreboard objectives add aimc_reset dummy",
					"/scoreboard objectives add killauraF_buffer dummy",
					"/scoreboard objectives add killauraF_reset dummy",
					"/scoreboard objectives add motion_d_buffer dummy",
					"/scoreboard objectives add motion_d_reset dummy",
					"/scoreboard objectives add timervl dummy",
					"/scoreboard objectives add airTime dummy",
					"/scoreboard objectives add motion_c_data dummy",
					"/scoreboard objectives add packets dummy",
					"/scoreboard objectives add reach_a_buffer dummy",
					"/scoreboard objectives add reach_a_reset dummy",
					"/scoreboard objectives add hitbox_a_buffer dummy",
					"/scoreboard objectives add hitbox_a_reset dummy",
					"/scoreboard objectives add aim_a_buffer dummy",
					"/scoreboard objectives add aim_a_reset dummy",
					"/ability @s[tag=flying,m=!c] mayfly true"
				]
			},
			"animation_length": 9.9,
			"loop": false
		}
	}
}