{
	"format_version": "1.10.0",
	"animation_controllers": {
		"controller.animation.jump": {
			"states": {
				"default": {
					"transitions": [{
						"jump": "query.is_jumping"
					}],
					"on_entry": [
						"/tag @s remove jump",
						"/tellraw @a[tag=packetlogger] {\"rawtext\":[{\"text\":\"§߈§r§j[§uIsolate§j]§r §bReceived §aJUMP§r packet from: §g\"},{\"selector\":\"@s\"},{\"text\":\" §7(type=stop)\"}]}",
						"/scoreboard players add @s packets 1"
					]
				},
				"jump": {
					"transitions": [{
						"default": "!query.is_jumping"
					}],
					"on_entry": [
						"/tag @s add jump",
						"/tp @s[tag=freeze] ~~-0.5~",
						"/tellraw @a[tag=packetlogger] {\"rawtext\":[{\"text\":\"§߈§r§j[§uIsolate§j]§r §bReceived §aJUMP§r packet from: §g\"},{\"selector\":\"@s\"},{\"text\":\" §7(type=start)\"}]}",
						"/scoreboard players add @s packets 1"
					]
				}
			}
		},
		"controller.animation.glide": {
			"states": {
				"default": {
					"transitions": [{
						"glide": "query.is_gliding"
					}],
					"on_entry": [
						"/tag @s remove gliding",
						"/tellraw @a[tag=packetlogger] {\"rawtext\":[{\"text\":\"§߈§r§j[§uIsolate§j]§r §bReceived §aGLIDE§r packet from: §g\"},{\"selector\":\"@s\"},{\"text\":\" §7(type=stop)\"}]}",
						"/scoreboard players add @s packets 1"
					]
				},
				"glide": {
					"transitions": [{
						"default": "!query.is_gliding"
					}],
					"on_entry": [
						"/tag @s add gliding",
						"/tellraw @a[tag=packetlogger] {\"rawtext\":[{\"text\":\"§߈§r§j[§uIsolate§j]§r §bReceived §aGLIDE§r packet from: §g\"},{\"selector\":\"@s\"},{\"text\":\" §7(type=start)\"}]}",
						"/scoreboard players add @s packets 1"
					]
				}
			}
		},
		"controller.animation.levitate": {
			"states": {
				"default": {
					"transitions": [{
						"levitate": "query.is_levitating"
					}],
					"on_entry": [
						"/tag @s remove levitating",
						"/tellraw @a[tag=packetlogger] {\"rawtext\":[{\"text\":\"§߈§r§j[§uIsolate§j]§r §bReceived §aLEVITATE§r packet from: §g\"},{\"selector\":\"@s\"},{\"text\":\" §7(type=stop)\"}]}",
						"/scoreboard players add @s packets 1"
					]
				},
				"levitate": {
					"transitions": [{
						"default": "!query.is_levitating"
					}],
					"on_entry": [
						"/tag @s add levitating",
						"/tellraw @a[tag=packetlogger] {\"rawtext\":[{\"text\":\"§߈§r§j[§uIsolate§j]§r §bReceived §aLEVITATE§r packet from: §g\"},{\"selector\":\"@s\"},{\"text\":\" §7(type=start)\"}]}",
						"/scoreboard players add @s packets 1"
					]
				}
			}
		},
		"controller.animation.ground": {
			"states": {
				"default": {
					"transitions": [{
						"ground": "query.is_on_ground"
					}],
					"on_entry": [
						"/tag @s remove ground",
						"/tellraw @a[tag=packetlogger] {\"rawtext\":[{\"text\":\"§߈§r§j[§uIsolate§j]§r §bReceived §aGROUND§r packet from: §g\"},{\"selector\":\"@s\"},{\"text\":\" §7(type=stop)\"}]}",
						"/scoreboard players add @s packets 1"
					]
				},
				"ground": {
					"transitions": [{
						"default": "!query.is_on_ground"
					}],
					"on_entry": [
						"/tag @s add ground",
						"/tellraw @a[tag=packetlogger] {\"rawtext\":[{\"text\":\"§߈§r§j[§uIsolate§j]§r §bReceived §aGROUND§r packet from: §g\"},{\"selector\":\"@s\"},{\"text\":\" §7(type=start)\"}]}",
						"/scoreboard players add @s packets 1"
					]
				}
			}
		},
		"controller.animation.death": {
			"states": {
				"default": {
					"transitions": [{
						"dead": "!query.is_alive"
					}],
					"on_entry": [
						"/tag @s remove dead",
						"/tellraw @a[tag=packetlogger] {\"rawtext\":[{\"text\":\"§߈§r§j[§uIsolate§j]§r §bReceived §aDEATH§r packet from: §g\"},{\"selector\":\"@s\"},{\"text\":\" §7(type=stop)\"}]}",
						"/scoreboard players add @s packets 1"
					]
				},
				"dead": {
					"transitions": [{
						"default": "query.is_alive"
					}],
					"on_entry": [
						"/tag @s add dead",
						"/tag @s remove right",
						"/tellraw @a[tag=packetlogger] {\"rawtext\":[{\"text\":\"§߈§r§j[§uIsolate§j]§r §bReceived §aDEATH§r packet from: §g\"},{\"selector\":\"@s\"},{\"text\":\" §7(type=start)\"}]}",
						"/scoreboard players add @s packets 1"
					]
				}
			}
		},
		"controller.animation.ride": {
			"states": {
				"default": {
					"transitions": [{
						"ride": "query.is_riding"
					}],
					"on_entry": [
						"/tag @s remove riding",
						"/tellraw @a[tag=packetlogger] {\"rawtext\":[{\"text\":\"§߈§r§j[§uIsolate§j]§r §bReceived §aRIDE§r packet from: §g\"},{\"selector\":\"@s\"},{\"text\":\" §7(type=stop)\"}]}",
						"/scoreboard players add @s packets 1"
					]
				},
				"ride": {
					"transitions": [{
						"default": "!query.is_riding"
					}],
					"on_entry": [
						"/tag @s add riding",
						"/tellraw @a[tag=packetlogger] {\"rawtext\":[{\"text\":\"§߈§r§j[§uIsolate§j]§r §bReceived §aRIDE§r packet from: §g\"},{\"selector\":\"@s\"},{\"text\":\" §7(type=start)\"}]}",
						"/tag @s remove moving",
						"/scoreboard players add @s packets 1"
					]
				}
			}
		},
		"controller.animation.left": {
			"states": {
				"default": {
					"transitions": [{
						"left": "variable.attack_time"
					}],
					"on_entry": [
						"/tag @s remove left",
						"/scoreboard players set @s last_attack 0",
						"/tellraw @a[tag=packetlogger] {\"rawtext\":[{\"text\":\"§߈§r§j[§uIsolate§j]§r §bReceived §aLEFT§r packet from: §g\"},{\"selector\":\"@s\"},{\"text\":\" §7(type=stop)\"}]}",
						"/scoreboard players add @s packets 1"
					
					]
				},
				"left": {
					"transitions": [{
						"default": "!variable.attack_time"
					}],
					"on_entry": [
						"/tag @s add left",
						"/tag @s add leftv2",
						"/scoreboard players set @s last_attack 0",
						"/tellraw @a[tag=packetlogger] {\"rawtext\":[{\"text\":\"§߈§r§j[§uIsolate§j]§r §bReceived §aLEFT§r packet from: §g\"},{\"selector\":\"@s\"},{\"text\":\" §7(type=start)\"}]}",
						"/scoreboard players add @s packets 1"
					]
				}
			}
		},
		"controller.animation.right": {
			"states": {
				"default": {
					"transitions": [{
						"right": "query.is_using_item && query.get_equipped_item_name != 'fishing_rod'"
					}],
					"on_entry": [
						"/tag @s remove right",
						"/tellraw @a[tag=packetlogger] {\"rawtext\":[{\"text\":\"§߈§r§j[§uIsolate§j]§r §bReceived §aRIGHT§r packet from: §g\"},{\"selector\":\"@s\"},{\"text\":\" §7(type=stop,ticks=\"},{\"score\":{\"name\":\"@s\",\"objective\":\"right\"}},{\"text\":\")\"}]}",
						"/scoreboard players set @s right 0",
						"/scoreboard players add @s packets 1"
					]
				},
				"right": {
					"transitions": [{
						"default": "!query.is_using_item"
					}],
					"on_entry": [
						"/tag @s add right",
						"/tellraw @a[tag=packetlogger] {\"rawtext\":[{\"text\":\"§߈§r§j[§uIsolate§j]§r §bReceived §aRIGHT§r packet from: §g\"},{\"selector\":\"@s\"},{\"text\":\" §7(type=start,ticks=0)\"}]}",
						"/execute @s[tag=hasGUIopen] ~~~ function checks/alerts/invmove",
						"/scoreboard players add @s packets 1"
					]
				}
			}
		},
		"controller.animation.sneak": {
			"states": {
				"default": {
					"transitions": [{
						"sneak": "query.is_sneaking"
					}],
					"on_entry": [
						"/tag @s remove sneak",
						"/tellraw @a[tag=packetlogger] {\"rawtext\":[{\"text\":\"§߈§r§j[§uIsolate§j]§r §bReceived §aSNEAK§r packet from: §g\"},{\"selector\":\"@s\"},{\"text\":\" §7(type=stop)\"}]}",
						"/scoreboard players add @s packets 1"
					]
				},
				"sneak": {
					"transitions": [{
						"default": "!query.is_sneaking"
					}],
					"on_entry": [
						"/tag @s add sneak",
						"/tellraw @a[tag=packetlogger] {\"rawtext\":[{\"text\":\"§߈§r§j[§uIsolate§j]§r §bReceived §aSNEAK§r packet from: §g\"},{\"selector\":\"@s\"},{\"text\":\" §7(type=start)\"}]}",
						"/scoreboard players add @s packets 1"
					]
				}
			}
		},
		"controller.animation.move": {
			"states": {
				"default": {
					"transitions": [{
						"move": "query.is_moving"
					}],
					"on_entry": [
						"/tag @s remove moving",
						"/execute @s[scores={worldborder=1..,gametestapi=1..}] ~~~ function checks/optional/worldborder",
						"/tellraw @a[tag=packetlogger] {\"rawtext\":[{\"text\":\"§߈§r§j[§uIsolate§j]§r §bReceived §aMOVE§r packet from: §g\"},{\"selector\":\"@s\"},{\"text\":\" §7(type=stop)\"}]}",
						"/scoreboard players add @s packets 1"
					]
				},
				"move": {
					"transitions": [{
						"default": "!query.is_moving"
					}],
					"on_entry": [
						"/tag @s add moving",
						"/tellraw @a[tag=packetlogger] {\"rawtext\":[{\"text\":\"§߈§r§j[§uIsolate§j]§r §bReceived §aMOVE§r packet from: §g\"},{\"selector\":\"@s\"},{\"text\":\" §7(type=start)\"}]}",
						"/execute @s[scores={worldborder=1..,gametestapi=1..}] ~~~ function checks/optional/worldborder",
						"/tp @s[tag=freeze] ~~~",
						"/tp @s[y=-105,dy=-205] ~ -104 ~",
						"/scoreboard players set @s last_move 0",
						"/scoreboard players add @s packets 1"
					]
				}
			}
		},
		"controller.animation.swim": {
			"states": {
				"default": {
					"transitions": [{
						"swim": "query.is_swimming"
					}],
					"on_entry": [
						"/tag @s remove swimming",
						"/tellraw @a[tag=packetlogger] {\"rawtext\":[{\"text\":\"§߈§r§j[§uIsolate§j]§r §bReceived §aSWIM§r packet from: §g\"},{\"selector\":\"@s\"},{\"text\":\" §7(type=stop)\"}]}",
						"/scoreboard players add @s packets 1"
					]
				},
				"swim": {
					"transitions": [{
						"default": "!query.is_swimming"
					}],
					"on_entry": [
						"/tag @s add swimming",
						"/tellraw @a[tag=packetlogger] {\"rawtext\":[{\"text\":\"§߈§r§j[§uIsolate§j]§r §bReceived §aSWIM§r packet from: §g\"},{\"selector\":\"@s\"},{\"text\":\" §7(type=start)\"}]}",
						"/scoreboard players add @s packets 1"
					]
				}
			}
		},
		"controller.animation.sleep": {
			"states": {
				"default": {
					"transitions": [{
						"sleeping": "query.is_sleeping"
					}],
					"on_entry": [
						"/tag @s remove sleeping",
						"/tellraw @a[tag=packetlogger] {\"rawtext\":[{\"text\":\"§߈§r§j[§uIsolate§j]§r §bReceived §aSLEEP§r packet from: §g\"},{\"selector\":\"@s\"},{\"text\":\" §7(type=stop)\"}]}",
						"/scoreboard players add @s packets 1"
					]
				},
				"sleeping": {
					"transitions": [{
						"default": "!query.is_sleeping"
					}],
					"on_entry": [
						"/tag @s add sleeping",
						"/tellraw @a[tag=packetlogger] {\"rawtext\":[{\"text\":\"§߈§r§j[§uIsolate§j]§r §bReceived §aSLEEP§r packet from: §g\"},{\"selector\":\"@s\"},{\"text\":\" §7(type=start)\"}]}",
						"/scoreboard players add @s packets 1"
					]
				}
			}
		},
		"controller.animation.trident": {
			"states": {
				"default": {
					"transitions": [{
						"trident": "query.get_equipped_item_name == 'trident'"
					}],
					"on_entry": [
						"/tag @s remove trident",
						"/scoreboard players set @s last_attack 0"
					]
				},
				"trident": {
					"transitions": [{
						"default": "query.get_equipped_item_name != 'trident'"
					}],
					"on_entry": [
						"/tag @s add trident"
					]
				}
			}
		}
	}
}
